Workbook

Sheet Hypothèses
A1: Paramètre | B1: Valeur | C1: Unité | D1: Source / Note
A2: Prix de l'eau d'irrigation | B2: 0.5 | C2: €/m³ | D2: À ajuster (tarif local Réunion)
A3: Prix moyen des engrais (NPK) | B3: 1.2 | C3: €/kg | D3: À ajuster
A4: Multiplicateur valeur ajoutée → PIB | B4: 1 | C4: ratio | D4: 1 = on compte la valeur ajoutée brute, sans effet multiplicateur
A5: Facteur CO₂ des engrais azotés | B5: 5.5 | C5: kgCO₂e/kg | D5: Optionnel — pour l'indicateur carbone

Sheet Données
A1: Identifiant | B1: Date | C1: Région / Commune | D1: Utilisateur (anonymisé) | E1: Culture | F1: Surface (ha) | G1: Eau habituelle (m³) | H1: Eau avec AgriVision (m³) | I1: Engrais habituel (kg) | J1: Engrais avec AgriVision (kg) | K1: Rendement habituel (t/ha) | L1: Rendement avec AgriVision (t/ha) | M1: Prix de vente (€/t) | N1: Coût traitement évité (€) | O1: Eau économisée (m³) | P1: Eau économisée (€) | Q1: Engrais économisé (kg) | R1: Engrais économisé (€) | S1: Gain de rendement (t) | T1: Valeur additionnelle (€) | U1: CO₂ évité (kgCO₂e) | V1: Notes
A2: EX-001 | B2: 2026-01-15 | C2: Saint-Pierre | D2: U001 | E2: Canne à sucre | F2: 2.5 | G2: 4500 | H2: 3900 | I2: 600 | J2: 480 | K2: 85 | L2: 90 | M2: 45 | N2: 120 | O2: ==IF($A2="","",G2-H2) | P2: ==IF($A2="","",O2*'Hypothèses'!$B$2) | Q2: ==IF($A2="","",I2-J2) | R2: ==IF($A2="","",Q2*'Hypothèses'!$B$3) | S2: ==IF($A2="","",(L2-K2)*F2) | T2: ==IF($A2="","",S2*M2+N2) | U2: ==IF($A2="","",Q2*'Hypothèses'!$B$5)
A3: EX-002 | B3: 2026-01-20 | C3: Saint-Joseph | D3: U002 | E3: Banane | F3: 1.2 | G3: 3000 | H3: 2600 | I3: 350 | J3: 290 | K3: 30 | L3: 33 | M3: 600 | N3: 80 | O3: ==IF($A3="","",G3-H3) | P3: ==IF($A3="","",O3*'Hypothèses'!$B$2) | Q3: ==IF($A3="","",I3-J3) | R3: ==IF($A3="","",Q3*'Hypothèses'!$B$3) | S3: ==IF($A3="","",(L3-K3)*F3) | T3: ==IF($A3="","",S3*M3+N3) | U3: ==IF($A3="","",Q3*'Hypothèses'!$B$5)
A4: EX-003 | B4: 2026-02-03 | C4: Le Tampon | D4: U003 | E4: Maraîchage (tomate) | F4: 0.5 | G4: 1800 | H4: 1450 | I4: 180 | J4: 140 | K4: 60 | L4: 66 | M4: 900 | N4: 200 | O4: ==IF($A4="","",G4-H4) | P4: ==IF($A4="","",O4*'Hypothèses'!$B$2) | Q4: ==IF($A4="","",I4-J4) | R4: ==IF($A4="","",Q4*'Hypothèses'!$B$3) | S4: ==IF($A4="","",(L4-K4)*F4) | T4: ==IF($A4="","",S4*M4+N4) | U4: ==IF($A4="","",Q4*'Hypothèses'!$B$5)
A5: EX-004 | B5: 2026-02-10 | C5: Saint-Paul | D5: U004 | E5: Agrumes | F5: 1.8 | G5: 2700 | H5: 2400 | I5: 420 | J5: 360 | K5: 22 | L5: 24 | M5: 700 | N5: 90 | O5: ==IF($A5="","",G5-H5) | P5: ==IF($A5="","",O5*'Hypothèses'!$B$2) | Q5: ==IF($A5="","",I5-J5) | R5: ==IF($A5="","",Q5*'Hypothèses'!$B$3) | S5: ==IF($A5="","",(L5-K5)*F5) | T5: ==IF($A5="","",S5*M5+N5) | U5: ==IF($A5="","",Q5*'Hypothèses'!$B$5)
A6: EX-005 | B6: 2026-02-22 | C6: Saint-Benoît | D6: U005 | E6: Canne à sucre | F6: 3 | G6: 5400 | H6: 4700 | I6: 720 | J6: 600 | K6: 80 | L6: 84 | M6: 45 | N6: 150 | O6: ==IF($A6="","",G6-H6) | P6: ==IF($A6="","",O6*'Hypothèses'!$B$2) | Q6: ==IF($A6="","",I6-J6) | R6: ==IF($A6="","",Q6*'Hypothèses'!$B$3) | S6: ==IF($A6="","",(L6-K6)*F6) | T6: ==IF($A6="","",S6*M6+N6) | U6: ==IF($A6="","",Q6*'Hypothèses'!$B$5)
A7: EX-006 | B7: 2026-03-05 | C7: Sainte-Marie | D7: U006 | E7: Ananas | F7: 0.8 | G7: 2200 | H7: 1900 | I7: 240 | J7: 200 | K7: 50 | L7: 54 | M7: 800 | N7: 60 | O7: ==IF($A7="","",G7-H7) | P7: ==IF($A7="","",O7*'Hypothèses'!$B$2) | Q7: ==IF($A7="","",I7-J7) | R7: ==IF($A7="","",Q7*'Hypothèses'!$B$3) | S7: ==IF($A7="","",(L7-K7)*F7) | T7: ==IF($A7="","",S7*M7+N7) | U7: ==IF($A7="","",Q7*'Hypothèses'!$B$5)
O8: ==IF($A8="","",G8-H8) | P8: ==IF($A8="","",O8*'Hypothèses'!$B$2) | Q8: ==IF($A8="","",I8-J8) | R8: ==IF($A8="","",Q8*'Hypothèses'!$B$3) | S8: ==IF($A8="","",(L8-K8)*F8) | T8: ==IF($A8="","",S8*M8+N8) | U8: ==IF($A8="","",Q8*'Hypothèses'!$B$5)
O9: ==IF($A9="","",G9-H9) | P9: ==IF($A9="","",O9*'Hypothèses'!$B$2) | Q9: ==IF($A9="","",I9-J9) | R9: ==IF($A9="","",Q9*'Hypothèses'!$B$3) | S9: ==IF($A9="","",(L9-K9)*F9) | T9: ==IF($A9="","",S9*M9+N9) | U9: ==IF($A9="","",Q9*'Hypothèses'!$B$5)
O10: ==IF($A10="","",G10-H10) | P10: ==IF($A10="","",O10*'Hypothèses'!$B$2) | Q10: ==IF($A10="","",I10-J10) | R10: ==IF($A10="","",Q10*'Hypothèses'!$B$3) | S10: ==IF($A10="","",(L10-K10)*F10) | T10: ==IF($A10="","",S10*M10+N10) | U10: ==IF($A10="","",Q10*'Hypothèses'!$B$5)
O11: ==IF($A11="","",G11-H11) | P11: ==IF($A11="","",O11*'Hypothèses'!$B$2) | Q11: ==IF($A11="","",I11-J11) | R11: ==IF($A11="","",Q11*'Hypothèses'!$B$3) | S11: ==IF($A11="","",(L11-K11)*F11) | T11: ==IF($A11="","",S11*M11+N11) | U11: ==IF($A11="","",Q11*'Hypothèses'!$B$5)
O12: ==IF($A12="","",G12-H12) | P12: ==IF($A12="","",O12*'Hypothèses'!$B$2) | Q12: ==IF($A12="","",I12-J12) | R12: ==IF($A12="","",Q12*'Hypothèses'!$B$3) | S12: ==IF($A12="","",(L12-K12)*F12) | T12: ==IF($A12="","",S12*M12+N12) | U12: ==IF($A12="","",Q12*'Hypothèses'!$B$5)
O13: ==IF($A13="","",G13-H13) | P13: ==IF($A13="","",O13*'Hypothèses'!$B$2) | Q13: ==IF($A13="","",I13-J13) | R13: ==IF($A13="","",Q13*'Hypothèses'!$B$3) | S13: ==IF($A13="","",(L13-K13)*F13) | T13: ==IF($A13="","",S13*M13+N13) | U13: ==IF($A13="","",Q13*'Hypothèses'!$B$5)
O14: ==IF($A14="","",G14-H14) | P14: ==IF($A14="","",O14*'Hypothèses'!$B$2) | Q14: ==IF($A14="","",I14-J14) | R14: ==IF($A14="","",Q14*'Hypothèses'!$B$3) | S14: ==IF($A14="","",(L14-K14)*F14) | T14: ==IF($A14="","",S14*M14+N14) | U14: ==IF($A14="","",Q14*'Hypothèses'!$B$5)
O15: ==IF($A15="","",G15-H15) | P15: ==IF($A15="","",O15*'Hypothèses'!$B$2) | Q15: ==IF($A15="","",I15-J15) | R15: ==IF($A15="","",Q15*'Hypothèses'!$B$3) | S15: ==IF($A15="","",(L15-K15)*F15) | T15: ==IF($A15="","",S15*M15+N15) | U15: ==IF($A15="","",Q15*'Hypothèses'!$B$5)
O16: ==IF($A16="","",G16-H16) | P16: ==IF($A16="","",O16*'Hypothèses'!$B$2) | Q16: ==IF($A16="","",I16-J16) | R16: ==IF($A16="","",Q16*'Hypothèses'!$B$3) | S16: ==IF($A16="","",(L16-K16)*F16) | T16: ==IF($A16="","",S16*M16+N16) | U16: ==IF($A16="","",Q16*'Hypothèses'!$B$5)
O17: ==IF($A17="","",G17-H17) | P17: ==IF($A17="","",O17*'Hypothèses'!$B$2) | Q17: ==IF($A17="","",I17-J17) | R17: ==IF($A17="","",Q17*'Hypothèses'!$B$3) | S17: ==IF($A17="","",(L17-K17)*F17) | T17: ==IF($A17="","",S17*M17+N17) | U17: ==IF($A17="","",Q17*'Hypothèses'!$B$5)
O18: ==IF($A18="","",G18-H18) | P18: ==IF($A18="","",O18*'Hypothèses'!$B$2) | Q18: ==IF($A18="","",I18-J18) | R18: ==IF($A18="","",Q18*'Hypothèses'!$B$3) | S18: ==IF($A18="","",(L18-K18)*F18) | T18: ==IF($A18="","",S18*M18+N18) | U18: ==IF($A18="","",Q18*'Hypothèses'!$B$5)
O19: ==IF($A19="","",G19-H19) | P19: ==IF($A19="","",O19*'Hypothèses'!$B$2) | Q19: ==IF($A19="","",I19-J19) | R19: ==IF($A19="","",Q19*'Hypothèses'!$B$3) | S19: ==IF($A19="","",(L19-K19)*F19) | T19: ==IF($A19="","",S19*M19+N19) | U19: ==IF($A19="","",Q19*'Hypothèses'!$B$5)
... O60: ==IF($A60="","",G60-H60) | P60: ==IF($A60="","",O60*'Hypothèses'!$B$2) | Q60: ==IF($A60="","",I60-J60) | R60: ==IF($A60="","",Q60*'Hypothèses'!$B$3) | S60: ==IF($A60="","",(L60-K60)*F60) | T60: ==IF($A60="","",S60*M60+N60) | U60: ==IF($A60="","",Q60*'Hypothèses'!$B$5)

Sheet Indicateurs
A1: Indicateur | B1: Valeur | C1: Unité
A2: Parcelles suivies | B2: ==COUNTA('Données'!A2:A1000) | C2: parcelles
A3: Surface totale | B3: ==SUM('Données'!F2:F1000) | C3: ha
A4: Eau économisée | B4: ==SUM('Données'!O2:O1000) | C4: m³
A5: Valeur de l'eau économisée | B5: ==SUM('Données'!P2:P1000) | C5: €
A6: Engrais économisé | B6: ==SUM('Données'!Q2:Q1000) | C6: kg
A7: Valeur de l'engrais économisé | B7: ==SUM('Données'!R2:R1000) | C7: €
A8: Gain de rendement | B8: ==SUM('Données'!S2:S1000) | C8: t
A9: Valeur additionnelle créée | B9: ==SUM('Données'!T2:T1000) | C9: €
A10: Contribution estimée au PIB | B10: ==B9*'Hypothèses'!$B$4 | C10: €
A11: Économies d'intrants (eau + engrais) | B11: ==B5+B7 | C11: €
A12: CO₂ évité (engrais) | B12: ==SUM('Données'!U2:U1000) | C12: kgCO₂e

Sheet Méthodologie
A1: AgriVision — Modèle d'impact économique & environnemental
A3: OBJET
A4: Collecter des observations de terrain et en dériver des indicateurs d'impact :
A5: valeur additionnelle créée (proxy de contribution au PIB), eau économisée, engrais économisé, CO₂ évité.
A7: COMMENT L'UTILISER
A8: 1) Onglet « Hypothèses » : ajuster les prix unitaires et facteurs (cellules en colonne B).
A9: 2) Onglet « Données » : une ligne par parcelle/intervention. Remplir les colonnes A→N.
A10: Les colonnes O→U se calculent automatiquement (formules déjà copiées jusqu'à la ligne 60 ;
A11: copier les formules vers le bas si besoin de plus de lignes).
A12: 3) Onglet « Indicateurs » : totaux mis à jour automatiquement.
A14: DÉFINITION DES COLONNES (onglet Données)
A15: Eau / Engrais « habituel » = pratique de référence du producteur (sans AgriVision).
... A32: • Les lignes EX-00x sont des EXEMPLES — les supprimer avant de saisir des données réelles.
